<?xml version="1.0" encoding="UTF-8"?>
<!DOCTYPE suite SYSTEM "http://testng.org/testng-1.0.dtd">
<suite thread-count="4" name="Failed suite [SeleniumDemo]" guice-stage="DEVELOPMENT">
  <test name="ChromeTest(failed)">
    <parameter name="browser" value="chromedriver"/>
    <classes>
      <class name="com.selenium.framework.qa_automation.SeleniumDemo">
        <methods>
          <include name="execute"/>
          <include name="afterTest"/>
          <include name="beforeTest"/>
        </methods>
      </class> <!-- com.selenium.framework.qa_automation.SeleniumDemo -->
    </classes>
  </test> <!-- ChromeTest(failed) -->
  <test name="RemoteDriverTest(failed)">
    <parameter name="browser" value="remotedriver"/>
    <classes>
      <class name="com.selenium.framework.qa_automation.SeleniumDemo">
        <methods>
          <include name="execute"/>
          <include name="afterTest"/>
          <include name="beforeTest"/>
        </methods>
      </class> <!-- com.selenium.framework.qa_automation.SeleniumDemo -->
    </classes>
  </test> <!-- RemoteDriverTest(failed) -->
  <test name="SauceLabDriverTest(failed)">
    <parameter name="browser" value="saucelabdriver"/>
    <classes>
      <class name="com.selenium.framework.qa_automation.SeleniumDemo">
        <methods>
          <include name="execute"/>
          <include name="afterTest"/>
          <include name="beforeTest"/>
        </methods>
      </class> <!-- com.selenium.framework.qa_automation.SeleniumDemo -->
    </classes>
  </test> <!-- SauceLabDriverTest(failed) -->
  <test name="HtmlUnitDriverTest(failed)">
    <parameter name="browser" value="htmlunitdriver"/>
    <classes>
      <class name="com.selenium.framework.qa_automation.SeleniumDemo">
        <methods>
          <include name="execute"/>
          <include name="afterTest"/>
          <include name="beforeTest"/>
        </methods>
      </class> <!-- com.selenium.framework.qa_automation.SeleniumDemo -->
    </classes>
  </test> <!-- HtmlUnitDriverTest(failed) -->
</suite> <!-- Failed suite [SeleniumDemo] -->
