<?xml version="1.0" encoding="UTF-8"?>
<!DOCTYPE suite SYSTEM "http://testng.org/testng-1.0.dtd" >

<!-- TestNG xml file for running SeleniumDemo with different Browsers -->
<!-- In below parameters to test suite, other possible values can be: parallel="none" parallel="instances" parallel="methods" parallel="classes", parallel="tests" -->
<suite name="SeleniumDemo" verbose="1" parallel="none" thread-count="4">
<!-- You can chain other suite files - see TestNG doc on Internet for further info -->
   <!-- suite-files>
      <suite-file path="./suite1.xml" />
      <suite-file path="./suite2.xml" />
   </suite-files -->
   <test name="FirefoxTest">
   <parameter name="browser" value="firefoxdriver"/> 
   <classes>
   <class name="com.selenium.framework.qa_automation.SeleniumDemo"/>
     </classes>
  </test>
   <test name="ChromeTest">
   <parameter name="browser" value="chromedriver"/> 
     <classes>
   <class name="com.selenium.framework.qa_automation.SeleniumDemo"/>
     </classes>
  </test>
  <test name="EdgeTest">
     <parameter name="browser" value="edgedriver"/> 
       <classes>
     <class name="com.selenium.framework.qa_automation.SeleniumDemo"/>
       </classes>
  </test>
   <!-- test name="IETest">
   <parameter name="browser" value="iedriver"/> 
     <classes>
   <class name="com.selenium.framework.qa_automation.SeleniumDemo"/>
     </classes>
  </test -->  
   <!-- test name="PhantomJSTest">
   <parameter name="browser" value="phantomjsdriver"/> 
     <classes>
   <class name="com.selenium.framework.qa_automation.SeleniumDemo"/>
     </classes>
  </test -->
   <test name="RemoteDriverTest">
   <parameter name="browser" value="remotedriver"/> 
     <classes>
   <class name="com.selenium.framework.qa_automation.SeleniumDemo"/>
     </classes>
  </test>
  <test name="SauceLabDriverTest">
       <parameter name="browser" value="saucelabdriver"/> 
         <classes>
       <class name="com.selenium.framework.qa_automation.SeleniumDemo"/>
         </classes>
  </test>
    <test name="HtmlUnitDriverTest">
       <parameter name="browser" value="htmlunitdriver"/> 
         <classes>
       <class name="com.selenium.framework.qa_automation.SeleniumDemo"/>
         </classes>
    </test>
</suite>	